<?xml version="1.0" encoding="windows-1250"?>
<language name="language">
	<forms>
		<fMain caption="Modbus RTU Configurator">
			<pButtons>
				<sbExpertMode caption="Expert mode"/>
				<bClose caption="Close"/>
				<bLogClear caption="Clear log"/>
				<bLogSave caption="Save Log"/>
			</pButtons>
			<pConnection>
				<bCIOpen caption="Open connection"/>
				<bCISettings caption="New connection"/>
				<bCIClose caption="Close connection"/>
				<bAbout caption="About"/>
			</pConnection>
			<pCenter>
				<Label12 caption="Device:"/>
				<gbCommunicationParameters caption="Communication Parameters Settings">
					<pCPDevID>
						<Label27 caption="Current device ID (address) [Dec]:"/>
					</pCPDevID>
					<pCPDevProtocol>
						<Label13 caption="Current protocol:"/>
						<cbCPDevProtocol>
							<items>
								<item value="Spinel"/>
								<item value="Modbus"/>
							</items>
						</cbCPDevProtocol>
					</pCPDevProtocol>
					<pCPInst>
						<lCPInstruction caption="Write Instruction (only for Modbus):"/>
						<cbCPInst>
							<items>
								<item value="Multi write ($10)"/>
								<item value="Single write ($6)"/>
							</items>
						</cbCPInst>
					</pCPInst>
					<pCPDisableUniversalAddress>
						<lCPDisableUniversalAddress caption="Do not use universal address to search device:"/>
					</pCPDisableUniversalAddress>
					<pCPProtocol>
						<Label25 caption="New protocol:"/>
						<cbCPProtocol>
							<items>
								<item value="Spinel"/>
								<item value="Modbus"/>
							</items>
						</cbCPProtocol>
					</pCPProtocol>
					<pCPID>
						<Label21 caption="New device ID (address) [Dec]:"/>
					</pCPID>
					<pCPBaudrate>
						<Label22 caption="Baudrate:"/>
					</pCPBaudrate>
					<pCPParity>
						<Label23 caption="Parity:"/>
						<cbCPParity>
							<items>
								<item value="None"/>
								<item value="Even"/>
								<item value="Odd"/>
							</items>
						</cbCPParity>
					</pCPParity>
					<pCPStopbits>
						<Label24 caption="Stopbits:"/>
					</pCPStopbits>
					<pCPPacketTimeout>
						<Label26 caption="Message silent interval [Byte]:"/>
					</pCPPacketTimeout>
					<pCPButtons>
						<bCPSave caption="Set Params"/>
						<bCPLoad caption="Load From Device"/>
						<bCPInfo caption="Get Device Info"/>
					</pCPButtons>
				</gbCommunicationParameters>
				<gbCommunicationLog caption="Communication Log"/>
			</pCenter>
			<pMessages>
				<lUnknownDevice caption="Unknown device"/>
				<lDisconnect caption="The connection was closed."/>
				<lConnectionFailed caption="Connection establishment failed!"/>
				<lConnectionWithUnknownDevice caption="The connection was successfully established with an unknown device."/>
				<lConnectionWithDevice caption="The connection was successfully established with device "/>
				<lLoadParam caption="Loading communication parameters"/>
				<lLoadParamSucceed caption="Communication parameters were successfully loaded."/>
				<lLoadParamFailed caption="Loading communication parameters failed!"/>
				<lSaveParam caption="Saving communication parameters"/>
				<lSaveParamSucceed caption="Communication parameters were successfully saved."/>
				<lSaveParamFailed caption="Saving communication parameters failed!"/>
				<lInfoSucceed caption="The connected device was successfully detected."/>
				<lInfoFailed caption="Device not found!"/>
				<lInfo caption="Request for Info"/>
			</pMessages>
		</fMain>
		<fConnectionDialog caption="Connection Settings">
			<pCenter>
				<gbSerialPort>
					<lCOM caption="Port number:"/>
					<lUSBDeviceName caption="Device:"/>
					<lUSBSerialNumber caption="Serial number:"/>
					<Label27 caption="Device ID (address) [Dec]:"/>
					<lTCPIP caption="IP address:"/>
					<lTCPPort caption="Port:"/>
					<rbTCP caption="TCP:"/>
					<rbCOM caption="Serial port:"/>
					<rbUSB caption="USB:"/>
					<bUSBRefresh caption="Refresh"/>
					<pSerialParams>
						<lBaudRate caption="Baudrate:"/>
						<lDataBits caption="Databits:"/>
						<lParity caption="Parity:"/>
						<lStopBits caption="Stopbits:"/>
						<cbParity>
							<items>
								<item value="None"/>
								<item value="Even"/>
								<item value="Odd"/>
								<item value="Mark"/>
								<item value="Space"/>
							</items>
						</cbParity>
					</pSerialParams>
				</gbSerialPort>
				<pStatusbar/>
				<pMessages>
					<lSearching caption="Searching: "/>
					<lDeviceFound caption="Device found: "/>
					<lSearchAborted caption="The search was canceled by user."/>
					<lDeviceNotFound caption="Device not found!"/>
					<lBadParams caption="Incorrectly set searching parameters!&#xA;For each parameter must be selected at least one value!"/>
				</pMessages>
			</pCenter>
			<pButtons>
				<bCancel caption="Cancel"/>
				<bOK caption="Ok"/>
				<bSearchParams caption="&lt;"/>
				<bSearch caption="Search"/>
				<bAbort caption="Abort"/>
			</pButtons>
		</fConnectionDialog>
		<fConnectionSearchDialog caption="Search Parameters">
			<pButtons>
				<bCancel caption="Close"/>
			</pButtons>
			<pCenter>
				<gbBaudrate caption="Baudrate">
				</gbBaudrate>
				<gbParity caption="Parity">
					<chbPNone caption="None"/>
					<chbPEven caption="Even"/>
					<chbPOdd caption="Odd"/>
					<chbPSpace caption="Mark"/>
					<chbPMark caption="Space"/>
				</gbParity>
				<gbDataBits caption="Databits"/>
				<gbStopBits caption="Stopbits"/>
			</pCenter>
		</fConnectionSearchDialog>
	</forms>
</language>
